白头白嘴病,感染,草鱼
白头白嘴病,感染,青鱼
白头白嘴病,感染,鲢鱼
白头白嘴病,感染,鳙鱼
白头白嘴病,感染,鲫鱼
白头白嘴病,感染,鲤鱼
白头白嘴病,感染,加州鲈
白头白嘴病,感染,夏花
白头白嘴病,症状,自吻端至眼球处发白
白头白嘴病,流行时间,5~7月
白头白嘴病,流行地区,长江和西江流域
白头白嘴病,流行地区,华中
白头白嘴病,流行地区,华南地区
白头白嘴病,感染,花鳅
白头白嘴病,感染,蝌蚪
白头白嘴病,症状,皮肤失去正常的颜色
白头白嘴病,症状,变成乳白色
白头白嘴病,症状,唇似肿胀
白头白嘴病,症状,张闭失灵
白头白嘴病,症状,呼吸困难
白头白嘴病,症状,口周围的皮肤溃烂
白头白嘴病,症状,体表有灰白色毛茸物
白头白嘴病,症状,尾鳍的边缘有白色镶边
白头白嘴病,症状,尾尖蛙蚀
白头白嘴病,症状,一般较瘦
白头白嘴病,症状,体色较黑
白头白嘴病,症状,浮游在下风近岸水面
白头白嘴病,症状,对人声等反应极迟钝
白头白嘴病,症状,上皮组织几乎全部坏死和脱落
白头白嘴病,症状,色素细胞也巳坏死崩溃
白头白嘴病,症状,色素颗粒分散于结缔组织之中
白头白嘴病,症状,结缔组织细胞和胶原纤维坏死
白头白嘴病,症状,结缔组织有点水肿
白头白嘴病,症状,上皮细胞都坏死脱落
白头白嘴病,症状,结缔组织也呈现水肿变质坏死
白头白嘴病,症状,眼瞳孔周围充血
白头白嘴病,症状,红头
白头白嘴病,症状,烂鳃
白头白嘴病,症状,口与鳃盖张闭失灵
白头白嘴病,症状,额部和嘴的周围色素消失
白头白嘴病,症状,呈现白头白嘴
白头白嘴病,症状,灶部位发生溃烂
白头白嘴病,症状,头部有充血
白头白嘴病,症状,体瘦发黑
白头白嘴病,症状,散乱地集浮在近岸水面
白头白嘴病,症状,不停地浮头
艾美虫病,感染,鲢鱼
艾美虫病,感染,鳙鱼
艾美虫病,感染,青鱼
艾美虫病,症状,贫血
艾美虫病,症状,鳞囊积水
艾美虫病,症状,有腹水
艾美虫病,症状,突眼
艾美虫病,症状,肝土黄色
艾美虫病,症状,肾颜色很淡
艾美虫病,症状,肠壁上有白色小结节
艾美虫病,症状,肠穿孔
艾美虫病,流行地区,辽宁省
艾美虫病,流行地区,江苏
艾美虫病,流行地区,浙江
艾美虫病,流行季节,夏季
爱德华菌病,症状,鱼体迟钝
爱德华菌病,症状,体色发黑
爱德华菌病,症状,腹部膨大
爱德华菌病,症状,肛门发红
爱德华菌病,症状,眼球突出或混浊白
爱德华菌病,症状,体表可见膨大
爱德华菌病,症状,背鳍的后端坏死发白
爱德华菌病,症状,有腹水
爱德华菌病,症状,卵巢有出血
爱德华菌病,症状,肠管内有水样物贮积
爱德华菌病,症状,肠壁充血
爱德华菌病,症状,肝脏有白色小结节样的病灶
爱德华菌病,症状,腐臭味
爱德华菌病,感染,鳗鱼
爱德华菌病,感染,鲫鱼
爱德华菌病,感染,罗非鱼
爱德华菌病,感染,加州鲂
爱德华菌病,适宜温度,30℃左右
鳗弧菌病,感染,鳗鱼
鳗弧菌病,感染,鲫鱼
鳗弧菌病,症状,体表点状出血
鳗弧菌病,症状,躯干部皮肤发生糜烂
鳗弧菌病,症状,肝肾肿大
鳗弧菌病,症状,肝呈土黄色点状出血
鳗弧菌病,症状,肠道充血
鳗弧菌病,症状,肛门红肿
鳗弧菌病,症状,躯干部隆起
鳗弧菌病,症状,出血性溃疡
鳗弧菌病,感染,虹鳟
鳗弧菌病,症状,体色发黑
鳗弧菌病,症状,贫血
鳗弧菌病,症状,淤血
鳗弧菌病,症状,出血
鳗弧菌病,症状,眼球突出
鳗弧菌病,症状,眼球也出血
鳗弧菌病,症状,肛门红肿
鳗弧菌病,症状,生殖腺上可见弥漫性出血
鳗弧菌病,症状,点状出血
鳗弧菌病,症状,肠管内有带血的黏液状物
鳗弧菌病,症状,体表溃疡
鳗弧菌病,症状,斑块状褪色
鳗弧菌病,症状,狂游
鳗弧菌病,症状,躯干部出血以至溃疡
鳗弧菌病,症状,眼球突出出血
鳗弧菌病,症状,肛门红肿
鳗弧菌病,症状,体表出血变红
鳗弧菌病,症状,肛门红肿
鳗弧菌病,症状,眼球突出
鳗弧菌病,症状,眼内出血
鳗弧菌病,症状,变白
鳗弧菌病,症状,肌肉组织点状出血
鳗弧菌病,流行地区,日本
鳗弧菌病,流行地区,台湾省
鳗弧菌病,流行温度,15~20℃
小瓜虫病,感染,淡水鱼
小瓜虫病,感染,观赏鱼
小瓜虫病,流行地区,全国各地
小瓜虫病,流行地区,湖北
小瓜虫病,流行地区,湖南
小瓜虫病,流行季节,早春
小瓜虫病,流行季节,春季
小瓜虫病,流行季节,晚秋
小瓜虫病,流行季节,秋季
小瓜虫病,流行季节,冬季
小瓜虫病,适宜温度,15~25℃
小瓜虫病,症状,反应迟钝
小瓜虫病,症状,游动缓慢
小瓜虫病,症状,不时与固体物摩擦
小瓜虫病,症状,鳃部布满无数白色小点
小瓜虫病,症状,体表分泌出大量黏液
小瓜虫病,症状,表皮糜烂脱落
小瓜虫病,症状,伴有蛀鳍
小瓜虫病,症状,瞎眼
小瓜虫病,症状,寄生处形成小白点
小瓜虫病,症状,小白点
小瓜虫病,症状,口腔等处布满小白点
小瓜虫病,症状,黏液增多
小瓜虫病,症状,表皮糜烂
草鱼出血病,流行时间,6~9月
草鱼出血病,适宜温度,27~30℃
草鱼出血病,症状,食欲减退
草鱼出血病,症状,体色发黑
草鱼出血病,症状,全身性出血
草鱼出血病,症状,红肌肉
草鱼出血病,症状,肌肉出血
草鱼出血病,症状,鳃瓣严重失血
草鱼出血病,症状,白鲤
草鱼出血病,症状,红鳍红鳃盖
草鱼出血病,症状,体表出血
草鱼出血病,症状,鳍条基部明显充血和出血
草鱼出血病,症状,肠炎
草鱼出血病,症状,腹水
草鱼出血病,症状,肠道充血无食物
草鱼出血病,适宜温度,23~30℃
草鱼出血病,感染,草鱼
草鱼出血病,感染,青鱼
草鱼出血病,症状,内脏充血出血
草鱼出血病,感染,麦穗鱼
草鱼出血病,感染,鲢鱼
草鱼出血病,感染,鳙鱼
草鱼出血病,感染,鲫鱼
草鱼出血病,流行地区,中国南部地区
草鱼出血病,流行地区,福建
草鱼出血病,流行地区,广东
草鱼出血病,流行地区,广西
草鱼出血病,流行地区,四川
草鱼出血病,流行地区,湖南
草鱼出血病,流行地区,湖北
草鱼出血病,流行地区,江西
草鱼出血病,流行地区,上海
草鱼出血病,流行地区,江苏
草鱼出血病,流行地区,浙江
草鱼出血病,流行地区,河北
草鱼出血病,流行地区,河南
草鱼出血病,流行地区,黄河以北
草鱼出血病,感染,螺蛳
草鱼出血病,感染,青蛙
草鱼出血病,感染,浮游动物
草鱼出血病,症状,体表发黑
草鱼出血病,症状,眼突出
草鱼出血病,症状,鳃和鳍条基部出血
草鱼出血病,症状,肠道出血
草鱼出血病,症状,肾也可不同程度出血
草鱼出血病,症状,肝有时因失血而发黄
草鱼出血病,症状,红肌肉
草鱼出血病,症状,红肠
草鱼出血病,症状,红鳍
草鱼出血病,症状,红鳃盖
草鱼出血病,症状,尾鳍末端发黑
草鱼出血病,症状,体表暗黑色
草鱼出血病,症状,病鱼停止摄食
草鱼出血病,症状,离群缓游
草鱼出血病,症状,出血
草鱼出血病,症状,离群独游
草鱼出血病,症状,对水流反应迟钝
草鱼出血病,症状,沉卧于水底
草鱼出血病,症状,身体失去平衡在水面打转
草鱼出血病,症状,跳出水面挣扎
草鱼出血病,症状,尾鳍变黑
草鱼出血病,症状,背肌两侧出现2条灰白色带
草鱼出血病,症状,体表暗黑色而微红色
草鱼出血病,症状,肌肉充血
草鱼出血病,症状,鳍条基部以及腹部等都表现出血
草鱼出血病,症状,眼球突出
草鱼出血病,症状,鳃丝呈紫红色或斑点状出血
草鱼出血病,症状,鳃丝失血呈灰白色
草鱼出血病,症状,肛门红肿
草鱼出血病,症状,鳍条基部及腹部出血
草鱼出血病,症状,全身肌肉鲜红色出血
草鱼出血病,症状,肠壁具韧性
草鱼出血病,症状,肠内无食物
草鱼出血病,症状,脂肪组织有时呈点状出血
草鱼出血病,症状,胆囊布满血丝
草鱼出血病,症状,胆囊扩大内部充血
草鱼出血病,症状,肾等也出现斑块状出血
草鱼出血病,症状,肝脏呈灰白色失血
草鱼出血病,症状,脑等均有出血
草鱼出血病,症状,肠壁薄而糜烂
草鱼出血病,症状,全身弥漫性出血
草鱼出血病,症状,肠壁失去弹性且多黏液
车轮虫病,流行时间,4~7月
车轮虫病,流行季节,夏季
车轮虫病,流行季节,秋季
车轮虫病,适宜温度,20~28℃
车轮虫病,症状,分泌大量黏液
车轮虫病,症状,在体表形成一层白色黏液层
车轮虫病,症状,病鱼成群结队绕池边狂游
车轮虫病,症状,不食
车轮虫病,症状,呈跑马症状
车轮虫病,感染,淡水鱼
车轮虫病,症状,狂游呈跑马状
车轮虫病,症状,鱼体消瘦
车轮虫病,症状,发黑
车轮虫病,症状,游动缓慢
车轮虫病,症状,呼吸困难
车轮虫病,症状,鳃组织腐烂
车轮虫病,感染,海水鱼
车轮虫病,流行地区,全国
车轮虫病,流行季节,四季
车轮虫病,流行地区,全国
车轮虫病,流行地区,长江
车轮虫病,流行地区,西江流域
车轮虫病,感染,草鱼
车轮虫病,症状,鱼体一般身体发黑
车轮虫病,症状,游动迟缓
车轮虫病,症状,出现白头病
赤皮病,症状,大部鳞片松动脱落
赤皮病,症状,脱落处皮肤糜烂
赤皮病,症状,皮肤出血
赤皮病,症状,发炎
赤皮病,症状,鳍末端腐烂呈扫帚状
赤皮病,症状,蛀鳍
赤皮病,症状,鳞片脱离
赤皮病,症状,鳍条腐烂处出现水霉寄生
赤皮病,症状,体表出血发炎
赤皮病,症状,鳞片脱落
赤皮病,症状,鳍的基部或整个鳍充血
赤皮病,症状,鳍的梢端腐烂
赤皮病,症状,鳍条呈扫帚状
赤皮病,症状,蛀鳍
赤皮病,感染,商品鱼
赤皮病,感染,草鱼
赤皮病,感染,青鱼
赤皮病,感染,鲤鱼
赤皮病,感染,鲫鱼
赤皮病,感染,团头鲂
赤皮病,流行季节,四季
赤皮病,流行地区,北方
赤皮病,症状,体表呈局部或大部分出血发炎
赤皮病,症状,鳍条基部充血
赤皮病,症状,鳍条末端腐烂
赤皮病,症状,鳍间组织破坏
赤皮病,症状,肠道也充血发炎
赤皮病,症状,鳍条腐烂处着生水霉
赤皮病,症状,出血性皮肤病变
赤皮病,症状,内脏血管大出血
赤皮病,症状,腹膜炎
赤皮病,症状,大量腹水
赤皮病,症状,病灶出血水肿和坏死
赤皮病,症状,结缔组织增生
赤皮病,症状,炎症性反应发展到肌肉组织
传染性造血器官坏死病,感染,虹顶鳟
传染性造血器官坏死病,适宜温度,8~15℃
传染性造血器官坏死病,症状,游后突然死亡
传染性造血器官坏死病,症状,体色发黑
传染性造血器官坏死病,症状,出现昏睡
传染性造血器官坏死病,症状,游动缓慢
传染性造血器官坏死病,症状,出现痉挛
传染性造血器官坏死病,症状,剧烈游动后不久即死
传染性造血器官坏死病,症状,眼球突出
传染性造血器官坏死病,症状,腹部膨大
传染性造血器官坏死病,症状,鳍条基部及体表皮肤充血
传染性造血器官坏死病,症状,出血
传染性造血器官坏死病,症状,肛门处常拖有一条不透明的黏液粪便
传染性造血器官坏死病,症状,口腔出血
传染性造血器官坏死病,感染,虹鳟
传染性造血器官坏死病,感染,大鳞大麻哈鱼
传染性造血器官坏死病,感染,河鳟
传染性造血器官坏死病,症状,狂游
传染性造血器官坏死病,症状,突眼
传染性造血器官坏死病,症状,有腹水
传染性造血器官坏死病,症状,肛门处拖1条长而粗的黏液便
传染性造血器官坏死病,症状,心包膜出血
传染性造血器官坏死病,适宜温度,8~15℃
打印病,症状,臀鳍上方两侧肌肉腐烂
打印病,症状,椭圆形的红斑
打印病,症状,烂穿肌肉
打印病,症状,露出骨骼和内脏
打印病,症状,游动缓慢
打印病,症状,食欲减退
打印病,流行季节,四季
打印病,感染,四大家鱼
打印病,感染,鲤鱼
打印病,感染,罗非鱼
打印病,症状,皮肤及其下层肌肉出现红斑
打印病,症状,鳞片脱落
打印病,症状,肌肉腐烂
打印病,症状,形成溃疡
打印病,症状,烂及骨骼内脏
打印病,症状,病灶呈圆形或椭圆形
打印病,适宜温度,28~32℃
打印病,流行季节,夏季
打印病,流行季节,秋季
打印病,症状,肌肉出现椭圆形红斑
打印病,症状,周边充血发红
打印病,症状,病灶逐渐扩大
打印病,症状,露出骨骼内脏
打印病,症状,游动缓慢
打印病,症状,衰竭
痘疮病,感染,鲤鱼
痘疮病,感染,鲫鱼
痘疮病,感染,草鱼
痘疮病,感染,圆腹雅罗鱼
痘疮病,感染,金鱼
痘疮病,症状,体表有白色斑点
痘疮病,症状,变厚增大
痘疮病,症状,形成增生物
痘疮病,症状,表皮增厚
痘疮病,症状,病鱼消瘦
痘疮病,症状,游动迟缓
痘疮病,症状,食欲较差
痘疮病,症状,常沉在水底
痘疮病,症状,由乳白色变为黑色
痘疮病,流行地区,武汉市
痘疮病,流行地区,荆州市
痘疮病,流行季节,秋末
痘疮病,流行季节,冬季
痘疮病,适宜温度,15℃以上
盾纤毛虫病,感染,鲷鱼
盾纤毛虫病,症状,体色发黑
盾纤毛虫病,症状,体表及鳍基部溃烂
盾纤毛虫病,症状,溃烂组织周围血细胞浸润
盾纤毛虫病,症状,充血发红
盾纤毛虫病,症状,鳃苍白
盾纤毛虫病,症状,多有腹水
盾纤毛虫病,症状,腹水发黄
盾纤毛虫病,适宜温度,15~20℃
弧菌病,感染,虹鳟
弧菌病,感染,鰻鱼
弧菌病,感染,香鱼
弧菌病,感染,大鳞大麻哈鱼
弧菌病,感染,银大麻哈鱼
弧菌病,症状,体表点状出血
弧菌病,症状,躯干部皮肤发生糜烂
弧菌病,症状,肝脏肾脏肿大
弧菌病,症状,肝呈土黄色
弧菌病,症状,点状出血
弧菌病,症状,体色发黑
弧菌病,症状,鳃贫血
弧菌病,症状,淤血出血
弧菌病,症状,眼球突出
弧菌病,症状,鳍及眼球也出血
弧菌病,症状,躯干部皮下和肌肉发生脓疡
弧菌病,症状,形成较大肿起
弧菌病,症状,皮肤出血
弧菌病,症状,肛门红肿
弧菌病,症状,排出黄白色粘液状粪便
弧菌病,流行季节,夏季
黄赖鱼红头病,感染,黄颖鱼
黄颖鱼红头病,适宜温度,25~30℃
黄颖鱼红头病,流行地区,辽宁
黄颖鱼红头病,流行地区,吉林
黄颖鱼红头病,流行地区,天津
黄颖鱼红头病,流行地区,湖北
黄颖鱼红头病,流行地区,江苏
黄颖鱼红头病,流行地区,四川
黄颖鱼红头病,流行地区,重庆
黄颖鱼红头病,症状,离群独游
黄颖鱼红头病,症状,反应迟钝
黄颖鱼红头病,症状,食欲减退
黄颖鱼红头病,症状,头朝上尾朝下
黄颖鱼红头病,症状,悬垂于水中的特殊姿势
黄颖鱼红头病,症状,螺旋状游动
黄颖鱼红头病,症状,沉入水底死亡
黄颖鱼红头病,症状,腹部膨大
黄颖鱼红头病,症状,鳍条基部充血
黄颖鱼红头病,症状,腹部充血
黄颖鱼红头病,症状,出血
黄颖鱼红头病,症状,肛门及生殖孔充血
黄颖鱼红头病,症状,外突
黄颖鱼红头病,症状,肾脏充血肿大
黄颖鱼红头病,症状,脾脏肿大呈紫黑色
黄颖鱼红头病,症状,肠道扩张
黄颖鱼红头病,症状,充血
黄颖鱼红头病,症状,发炎
黄颖鱼红头病,症状,肠腔内充满气体和淡黄色水样液体
黄颖鱼红头病,症状,食欲减退
黄颖鱼红头病,症状,离群缓游
黄颖鱼红头病,症状,反应迟钝
黄颖鱼红头病,症状,头朝上
黄颖鱼红头病,症状,尾朝下
黄颖鱼红头病,症状,悬垂于水中的特殊姿势
黄颖鱼红头病,症状,阵发性痉挛
黄颖鱼红头病,症状,旋转性侧游
黄颖鱼红头病,症状,打转
黄颖鱼红头病,症状,头顶部充血出血
黄颖鱼红头病,症状,发红
黄颖鱼红头病,症状,头顶穿孔
黄颖鱼红头病,症状,头盖骨裂开
黄颖鱼红头病,症状,露出脑组织
疖疮病,症状,皮下肌肉组织发生脓疮
疖疮病,症状,溃烂
疖疮病,症状,隆起红肿柔软浮肿
疖疮病,症状,鱼鳍基部充血
疖疮病,症状,鳍条裂开
疖疮病,症状,肠道也充血发炎
疖疮病,感染,草鱼
疖疮病,感染,青鱼
疖疮病,流行季节,四季
疖疮病,症状,肌肉溃疡并含脓血状的液体
锦鲤疱疹病毒病,感染,鲤鱼
锦鲤疱疹病毒病,感染,锦鲤
锦鲤疱疹病毒病,流行地区,以色列
锦鲤疱疹病毒病,流行地区,瑞典
锦鲤疱疹病毒病,流行地区,英国
锦鲤疱疹病毒病,流行地区,德国
锦鲤疱疹病毒病,流行地区,美国
锦鲤疱疹病毒病,流行地区,印度尼西亚
锦鲤疱疹病毒病,流行地区,日本
锦鲤疱疹病毒病,流行地区,中国台湾
锦鲤疱疹病毒病,流行温度,23~28℃
锦鲤疱疹病毒病,症状,病鱼游动缓慢
锦鲤疱疹病毒病,症状,病鱼停止游泳
锦鲤疱疹病毒病,症状,皮肤上出现苍白的块斑与水泡
锦鲤疱疹病毒病,症状,鳃出血
锦鲤疱疹病毒病,症状,产生大量粘液
锦鲤疱疹病毒病,症状,组织坏死
锦鲤疱疹病毒病,症状,鳞片有血丝
锦鲤疱疹病毒病,症状,鱼眼凹陷
锦鲤疱疹病毒病,流行季节,春秋季
烂尾病,感染,草鱼
烂尾病,感染,斑点叉尾鮰
烂尾病,感染,罗非鱼
烂尾病,感染,鰻鱼
烂尾病,感染,暗纹东方魨
烂尾病,症状,尾鳍尾柄充血发炎
烂尾病,症状,尾鳍烂掉
烂尾病,感染,青鲢
鲤浮肿病,感染,鲤鱼
鲤浮肿病,感染,锦鲤
鲤浮肿病,症状,烂鳃
鲤浮肿病,症状,体表糜烂
鲤浮肿病,症状,出血
鲤浮肿病,症状,皮下组织水肿
鲤浮肿病,症状,眼球凹陷
鲤浮肿病,症状,食欲不振
鲤浮肿病,症状,吻端和鳍的基部溃疡
鲤浮肿病,适宜温度,20～27℃
链球菌病,症状,游动缓慢
链球菌病,症状,浮于水面
链球菌病,症状,悬垂状
链球菌病,症状,间断性狂游
链球菌病,症状,腹部向上
链球菌病,症状,体色发黑
链球菌病,症状,鳃贫血
链球菌病,症状,眼球充血
链球菌病,症状,肿大
链球菌病,症状,突出
链球菌病,症状,体表有一处或多处隆起
链球菌病,症状,尾部多处隆起并伴出血或溃疡
链球菌病,症状,肛门红肿
链球菌病,症状,肝脏肿大
链球菌病,症状,出血
链球菌病,症状,脂肪变性
链球菌病,症状,褪色
链球菌病,症状,胃肠积水
链球菌病,症状,肠壁发炎
链球菌病,流行季节,夏季
淋巴囊肿病,流行地区,欧洲
淋巴囊肿病,流行地区,北美洲
淋巴囊肿病,流行地区,日本
淋巴囊肿病,流行地区,广东
淋巴囊肿病,流行地区,山东
淋巴囊肿病,流行地区,浙江
淋巴囊肿病,流行地区,福建
淋巴囊肿病,感染,河鳏
淋巴囊肿病,感染,鲈鱼
淋巴囊肿病,适宜温度,23~25℃
淋巴囊肿病,症状,生长缓慢
淋巴囊肿病,症状,食欲下降
淋巴囊肿病,症状,不摄食
淋巴囊肿病,症状,发生死亡
淋巴囊肿病,症状,鳍和尾部出现囊肿
淋巴囊肿病,症状,体表有单个或成群的珠状肿物
淋巴囊肿病,症状,由白色淡灰桃红至黑色
淋巴囊肿病,症状,内脏上也有囊肿
淋巴囊肿病,感染,鲈形目
淋巴囊肿病,感染,鲽形目
淋巴囊肿病,感染,魨形目
流行性溃疡综合征,症状,体表溃疡
流行性溃疡综合征,流行地区,东南亚
流行性溃疡综合征,适宜温度,低水温
流行性溃疡综合征,症状,不吃食
流行性溃疡综合征,症状,鱼体发黑
流行性溃疡综合征,症状,漂浮在水面上
流行性溃疡综合征,症状,红斑
流行性溃疡综合征,症状,浅部溃疡
流行性溃疡综合征,症状,溃疡灶
流行性溃疡综合征,症状,头盖骨的坏死
流行性溃疡综合征,症状,脑暴露
流行性溃疡综合征,症状,红斑性皮炎
流行性溃疡综合征,症状,慢性皮炎
流行性溃疡综合征,症状,坏死性肉芽肿皮炎
流行性溃疡综合征,症状,肌肉变成絮状
鳗弧菌病,感染,鳗鱼
鳗弧菌病,感染,鲫鱼
鳗弧菌病,症状,体表点状出血
鳗弧菌病,症状,躯干部皮肤发生糜烂
鳗弧菌病,症状,肝肾肿大
鳗弧菌病,症状,肝呈土黄色点状出血
鳗弧菌病,症状,肠道充血
鳗弧菌病,症状,肛门红肿
鳗弧菌病,症状,躯干部隆起
鳗弧菌病,症状,出血性溃疡
鳗弧菌病,感染,虹鳟
鳗弧菌病,症状,体色发黑
鳗弧菌病,症状,贫血
鳗弧菌病,症状,淤血
鳗弧菌病,症状,出血
鳗弧菌病,症状,眼球突出
鳗弧菌病,症状,眼球也出血
鳗弧菌病,症状,肛门红肿
鳗弧菌病,症状,生殖腺上可见弥漫性出血
鳗弧菌病,症状,点状出血
鳗弧菌病,症状,肠管内有带血的黏液状物
鳗弧菌病,症状,体表溃疡
鳗弧菌病,症状,斑块状褪色
鳗弧菌病,症状,狂游
鳗弧菌病,症状,躯干部出血以至溃疡
鳗弧菌病,症状,眼球突出出血
鳗弧菌病,症状,肛门红肿
鳗弧菌病,症状,体表出血变红
鳗弧菌病,症状,肛门红肿
鳗弧菌病,症状,眼球突出
鳗弧菌病,症状,眼内出血
鳗弧菌病,症状,变白
鳗弧菌病,症状,肌肉组织点状出血
鳗弧菌病,流行地区,日本
鳗弧菌病,流行地区,台湾省
鳗弧菌病,流行温度,15~20℃
鳗蜿弧菌病,适宜温度,10~35°C
鳗蜿弧菌病,症状,体表点状出血
鳗蜿弧菌病,症状,肛门红肿
鳗蜿弧菌病,症状,眼睛充血
鳗蜿弧菌病,症状,发红
鳗蜿弧菌病,症状,躯干部形成褪色斑或隆起
鳗蜿弧菌病,症状,病灶逐渐形成出血性溃疡
鳗蜿弧菌病,症状,肝肾肿大
鳗蜿弧菌病,症状,肝呈土黄色
鳗蜿弧菌病,症状,点状出血
鳗蜿弧菌病,症状,腹腔内有腹水
鳗蜿弧菌病,症状,肠道充血出血
锚头鳋病,症状,不安
锚头鳋病,症状,食欲不旺
锚头鳋病,症状,鱼体消瘦
锚头鳋病,症状,红肿
锚头鳋病,症状,伤口溢血
锚头鳋病,症状,有红斑
锚头鳋病,流行地区,广东
锚头鳋病,流行地区,广西
锚头鳋病,流行地区,福建
锚头鳋病,适宜温度,12~33℃
锚头鳋病,流行地区,华南地区
锚头鳋病,流行季节,春
锚头鳋病,流行季节,夏
锚头鳋病,流行季节,秋
锚头鳋病,流行地区,长江流域
锚头鳋病,感染,草鱼
锚头鳋病,感染,鲤鱼
锚头鳋病,感染,鲫鱼
锚头鳋病,感染,鳊鱼
锚头鳋病,感染,乌贼
锚头鳋病,感染,青鱼
锚头鳋病,症状,烦躁不安
锚头鳋病,症状,食欲减退
锚头鳋病,症状,行动迟缓
锚头鳋病,症状,身体瘦弱
锚头鳋病,感染,鰻鱼
锚头鳋病,感染,鲢鱼
锚头鳋病,感染,鳙鱼
锚头鳋病,感染,草鱼
锚头鳋病,症状,口不能张闭
气泡病,感染,幼苗
气泡病,症状,出现气泡
气泡病,流行季节,夏天
气泡病,流行地区,北方
鳃霉病,流行地区,广东
鳃霉病,流行地区,广西
鳃霉病,流行地区,湖北
鳃霉病,流行地区,浙江
鳃霉病,流行地区,江苏
鳃霉病,流行地区,辽宁
鳃霉病,流行时间,5~7月
鳃霉病,感染,草鱼
鳃霉病,感染,青鱼
鳃霉病,感染,簸鱼
鳃霉病,感染,鲫鱼
鳃霉病,感染,黄颡鱼
鳃霉病,症状,食欲丧失
鳃霉病,症状,呼吸困难
鳃霉病,症状,游动缓慢
鳃霉病,症状,鳃上黏液增多
鳃霉病,症状,有出血
鳃霉病,症状,淤血
鳃霉病,症状,缺血和坏死的斑点
鳃霉病,症状,呈现花斑鲤外观
鳃霉病,症状,高度贫血
鳃霉病,症状,青灰色外观
鳃霉病,症状,窒息而死亡
鳃霉病,症状,鳃上有大量鲤霉寄生
鳃霉病,感染,鲮鱼
鳃霉病,感染,鳙鱼
鳃霉病,感染,银鲴
鳃霉病,症状,花鳃
鳃霉病,症状,鳃呈青灰色
鳃霉病,症状,鳃上分泌黏液多
鳃霉病,症状,出血淤血
鳃霉病,症状,缺血的斑点
鳃霉病,症状,呈现花鳃
鳃霉病,症状,鳃呈青灰色
鳃霉病,症状,鳃丝组织被鳃霉菌侵蚀破坏
鳃霉病,症状,呈不规整白点状
鳃霉病,症状,失去正常的鲜红色
鳃霉病,症状,色泽苍白
鳃霉病,症状,游动时晃头
鳃霉病,症状,不进食
鳃霉病,症状,体表有点状充血
鳃霉病,症状,鳃上有棉纤维样的菌丝体
三代虫病,感染,草鱼
三代虫病,感染,金鱼
三代虫病,感染,鲤鱼
三代虫病,感染,鲫鱼
三代虫病,感染,虹色鳟
三代虫病,流行季节,春末夏初
三代虫病,症状,鱼体瘦弱
三代虫病,症状,呼吸困难
三代虫病,症状,食欲减退
三代虫病,症状,鳃丝肿胀
三代虫病,症状,鳍条可见蛀鳍现象
三代虫病,感染,淡水鱼
三代虫病,感染,观赏性鱼
三代虫病,症状,粘液多
三代虫病,适宜温度,20℃
三代虫病,流行季节,秋季
三代虫病,症状,暗黑无光泽
三代虫病,症状,食欲衰退
三代虫病,症状,灰白色黏液
三代虫病,感染,梭鱼
鲺病,症状,肉眼可见鲺
鲺病,症状,虫体在鱼体上不断爬动
鲺病,症状,体表形成很多伤口
鲺病,症状,出血
鲺病,症状,极度不安
鲺病,症状,急剧狂游
鲺病,症状,跳跃
鲺病,流行地区,广东
鲺病,流行地区,广西
鲺病,流行地区,福建
鲺病,流行时间,江浙一带4~10月
鲺病,流行时间,长江流域6~8月
竖鳞病,症状,体表粗糙
竖鳞病,症状,鳞片向外张开像松球
竖鳞病,症状,鳞基部水肿
竖鳞病,症状,积聚渗出液
竖鳞病,症状,鳞片竖起
竖鳞病,症状,鳍条基部充血
竖鳞病,症状,皮肤充血
竖鳞病,症状,眼球外突
竖鳞病,症状,腹部膨胀
竖鳞病,感染,网箱养鱼
竖鳞病,适宜温度,17~22℃
竖鳞病,流行季节,春季
竖鳞病,感染,鲤鱼
竖鳞病,感染,鲫鱼
竖鳞病,感染,金鱼
竖鳞病,感染,草鱼
竖鳞病,症状,离群独游
竖鳞病,症状,精神委靡
竖鳞病,症状,鱼体发黑
竖鳞病,症状,体表粗糙
竖鳞病,症状,鱼体前部的鳞片竖立
竖鳞病,症状,全身鳞片竖立
竖鳞病,症状,鳞囊充满含血的渗出液
竖鳞病,症状,充血
竖鳞病,症状,眼球突出
竖鳞病,症状,腹部膨大
竖鳞病,症状,腹腔积水
竖鳞病,症状,贫血
竖鳞病,症状,鳃肝脾肾肿大
竖鳞病,症状,颜色变淡
竖鳞病,症状,鳃盖内表皮充血
竖鳞病,症状,体表粗糙
竖鳞病,症状,鳞片向外张开像松球
竖鳞病,症状,鳞片基部水肿
竖鳞病,症状,积聚渗出液
竖鳞病,症状,鳞片竖起
竖鳞病,症状,鳍条基部充血
竖鳞病,症状,皮肤充血
竖鳞病,症状,眼球外突
竖鳞病,症状,腹部膨胀
竖鳞病,症状,离群缓游
竖鳞病,症状,呼吸困难
竖鳞病,症状,反应迟钝
竖鳞病,症状,浮于水面
竖鳞病,症状,沉在水底部
竖鳞病,症状,身体失去平衡
竖鳞病,症状,腹部向上
竖鳞病,流行季节,冬春季
竖鳞病,感染,网箱养鱼
竖鳞病,感染,金鱼
竖鳞病,感染,锦鲤
竖鳞病,感染,攀颅科
竖鳞病,感染,斗鱼科
竖鳞病,感染,鳉鱼科
竖鳞病,流行季节,秋末至春季
竖鳞病,流行地区,东北
竖鳞病,流行地区,华北
草鱼水霉病,流行地区,长江流域
草鱼水霉病,流行地区,南方数省
草鱼水霉病,流行时间,2~6月
草鱼水霉病,症状,局部皮肤坏死
草鱼水霉病,症状,游动失常
草鱼水霉病,症状,食欲减退
草鱼水霉病,症状,瘦弱而死
草鱼水霉病,症状,怀卵量大大减少
草鱼水霉病,症状,卵子质量不高
草鱼水霉病,症状,鱼胚不能正常发育
头槽绦虫病,感染,草鱼
头槽绦虫病,感染,团头鲂
头槽绦虫病,感染,青鱼
头槽绦虫病,感染,鲢鱼
头槽绦虫病,感染,鳙鱼
头槽绦虫病,感染,鲮鱼
头槽绦虫病,症状,消瘦
头槽绦虫病,症状,贫血
头槽绦虫病,症状,肠第一弯曲处膨大成胃囊状
头槽绦虫病,症状,充满虫
头槽绦虫病,流行地区,全国各地
黏孢子虫病,症状,病鱼瘦弱
黏孢子虫病,症状,体色发黑
黏孢子虫病,症状,离群独游打转
黏孢子虫病,症状,白色或淡黄色抱囊
黏孢子虫病,流行地区,全国
黏孢子虫病,感染,1冬龄以下的鱼种鱼苗
黏孢子虫病,感染,淡水鱼
黏孢子虫病,症状,形成大小不同胞囊
黏孢子虫病,感染,草鱼
黏孢子虫病,流行时间,5~7
细菌性败血症,症状,鳍及鱼体两侧轻度充血
细菌性败血症,症状,肠道内尚见少量食物
细菌性败血症,症状,肌肉呈出血症状
细菌性败血症,症状,眼眶周围充血
细菌性败血症,症状,眼球突出
细菌性败血症,症状,腹部膨大红肿
细菌性败血症,症状,腹腔内有腹水
细菌性败血症,症状,肾肿大
细菌性败血症,症状,肠壁充血充气
细菌性败血症,症状,无食物
细菌性败血症,症状,鳃灰白色
细菌性败血症,症状,紫色
细菌性败血症,症状,肿胀
细菌性败血症,症状,鳃丝末端腐烂
细菌性败血症,感染,鲤鱼
细菌性败血症,感染,鲫鱼
细菌性败血症,感染,团头鲂
细菌性败血症,感染,黄尾船
细菌性败血症,感染,名优鱼类
细菌性败血症,感染,斑点叉尾鲍
细菌性败血症,感染,白鲫
细菌性败血症,适宜温度,28~32℃
细菌性肠炎病,适宜温度,25~30℃
细菌性肠炎病,症状,肛门红肿
细菌性肠炎病,症状,肠道充血
细菌性肠炎病,症状,后肠充血发红
细菌性肠炎病,症状,肠腔内有很多淡黄色液体
细菌性肠炎病,症状,溃疡
细菌性肠炎病,症状,肠道出血
细菌性肠炎病,症状,肠壁充血发炎
细菌性肠炎病,症状,弹性差
细菌性肠炎病,症状,有很多淡黄色粘液
细菌性肠炎病,症状,肠壁失去弹性
细菌性肠炎病,症状,多黏液
细菌性肠炎病,症状,点状出血
细菌性肠炎病,感染,草鱼
细菌性肠炎病,感染,青鱼
细菌性肠炎病,感染,鲤鱼
细菌性肠炎病,感染,鲫鱼
细菌性肠炎病,感染,团头鲂
细菌性肠炎病,感染,大口鮎
细菌性肠炎病,感染,鰻鱼
细菌性肠炎病,感染,黄鳝
细菌性肠炎病,感染,罗非鱼
细菌性肠炎病,适宜温度,25~30℃
细菌性烂鳃病,感染,罗非鱼
细菌性烂鳃病,适宜温度,15~30℃
细菌性烂鳃病,症状,游动缓慢
细菌性烂鳃病,症状,体色变黑
细菌性烂鳃病,症状,内表皮充血
细菌性烂鳃病,症状,糜烂
细菌性烂鳃病,症状,鳃丝肿胀
细菌性烂鳃病,症状,鳃盖内表皮腐烂
细菌性烂鳃病,症状,腐蚀成一圆形不规则透明小区
细菌性烂鳃病,症状,鳃丝末端腐烂
细菌性烂鳃病,症状,鳃严重贫血呈白色
细菌性烂鳃病,症状,鳃丝红白
细菌性烂鳃病,症状,鱼体发黑
细菌性烂鳃病,症状,鱼体消瘦
细菌性烂鳃病,症状,鳃盖内表面的皮肤充血发炎
细菌性烂鳃病,症状,中间部分常糜烂
细菌性烂鳃病,症状,鳃上的黏液增多
细菌性烂鳃病,症状,黏附淤泥
细菌性烂鳃病,症状,黏液增多
细菌性烂鳃病,症状,鳃丝末端腐烂缺损
细菌性烂鳃病,症状,软骨外露
细菌性烂鳃病,感染,草鱼
细菌性烂鳃病,感染,青鱼
细菌性烂鳃病,感染,鲤鱼
细菌性烂鳃病,感染,鲫鱼
细菌性烂鳃病,感染,银鲫鱼
细菌性烂鳃病,感染,蝙鱼
细菌性烂鳃病,感染,团头鲂
细菌性烂鳃病,感染,金鱼
斜管虫病,流行季节,春秋季节
斜管虫病,适宜温度,12~18℃
斜管虫病,症状,产生大量黏液
斜管虫病,症状,体表形成苍白色或淡蓝色的一层黏液层
斜管虫病,症状,组织损伤
斜管虫病,症状,导致病鱼呼吸困难
斜管虫病,感染,淡水鱼
斜管虫病,流行地区,湖北
斜管虫病,流行地区,湖南
斜管虫病,流行地区,四川
斜管虫病,流行地区,江苏
斜管虫病,流行地区,浙江
斜管虫病,流行地区,广东
斜管虫病,流行地区,广西
斜管虫病,流行地区,河南
斜管虫病,流行地区,河北
斜管虫病,流行地区,东北
斜管虫病,症状,鱼体消瘦变黑
斜管虫病,症状,飘游水面
斜管虫病,症状,停浮在鱼池的下风处
斜管虫病,症状,鳃丝淡红色
斜管虫病,症状,鳃丝肥厚稍肿胀
斜管虫病,症状,体表黏液较多
血居吸虫病,感染,鲢鱼
血居吸虫病,感染,鳙鱼
血居吸虫病,感染,团头鲂
血居吸虫病,感染,鲤鱼
血居吸虫病,感染,鲫鱼
血居吸虫病,感染,草鱼
血居吸虫病,感染,乌醴
血居吸虫病,感染,金鱼
血居吸虫病,症状,急游打转
血居吸虫病,症状,鳃肿胀
血居吸虫病,症状,全身红肿
血居吸虫病,症状,粘液多
血居吸虫病,症状,不久即死
血居吸虫病,症状,肾脏受损
血居吸虫病,症状,突眼
血居吸虫病,症状,腹水
血居吸虫病,症状,竖鳞
血居吸虫病,流行季节,夏季
血居吸虫病,流行季节,冬季
异沟虫病,感染,暗纹东方魨
异沟虫病,感染,红鳍东方魨
异沟虫病,症状,鳃丝肿胀
异沟虫病,症状,粘液多
异沟虫病,症状,呼吸困难
异沟虫病,流行季节,夏季
鱼波豆虫病,症状,鳃上皮细胞增生
鱼波豆虫病,症状,黏液细胞增多
鱼波豆虫病,症状,黏液分泌旺盛
鱼波豆虫病,症状,呼吸障碍
鱼波豆虫病,症状,鳃盖微开
鱼波豆虫病,症状,竖鳞
鱼波豆虫病,适宜温度,12~20℃
鱼波豆虫病,流行季节,春秋两季
鱼波豆虫病,流行地区,广东
鱼波豆虫病,流行地区,广西
鱼波豆虫病,感染,鲑鳟
鱼波豆虫病,症状,表皮海绵层水肿
鱼波豆虫病,症状,表皮脱落
鱼波豆虫病,症状,鳃上皮坏死脱落
鱼波豆虫病,症状,皮肤充血
鱼波豆虫病,症状,鳞下积水
鱼波豆虫病,流行地区,南方
鱼波豆虫病,症状,多黏液
鱼波豆虫病,症状,鳃上皮细胞脱落
鱼波豆虫病,症状,呼吸困难
鱼波豆虫病,症状,体表开始黏液增多
鱼波豆虫病,症状,鱼体发黑
鱼波豆虫病,症状,食欲不振
鱼波豆虫病,症状,反应迟钝
鱼波豆虫病,症状,感染处有充血出血
鱼波豆虫病,症状,鱼体消瘦
鱼波豆虫病,症状,大批死亡
鱼波豆虫病,症状,体表黏液很多
鱼波豆虫病,症状,运动失常
鱼波豆虫病,症状,鳍条折叠
鱼波豆虫病,症状,呼吸困难
鱼波豆虫病,症状,感染区充血出血
鱼波豆虫病,症状,表现呆滞
鱼蛭病,症状,鱼体分泌大量黏液
鱼蛭病,症状,鱼体发黑
鱼蛭病,症状,消瘦
鱼蛭病,症状,游动缓慢
鱼蛭病,症状,肉眼可见虫体
鱼蛭病,流行时间,4~9月
鱼蛭病,流行地区,网箱养殖区域
鱼蛭病,流行地区,水质恶化的池塘
鱼蛭病,感染,鲤鱼
鱼蛭病,感染,鲫鱼
鱼蛭病,症状,鱼体不安
鱼蛭病,症状,常跳出水面
鱼蛭病,症状,呼吸困难
鱼蛭病,症状,生长不良
鱼蛭病,症状,贫血
鱼蛭病,感染,黄鳝
鱼蛭病,症状,体表或口腔内有鱼蛭寄生
鱼怪病,感染,夏花鱼
鱼怪病,症状,急躁不安
鱼怪病,症状,鳃及皮肤分泌大量黏液
鱼怪病,症状,表皮破损充血
鱼怪病,症状,鳃上皮增生
鱼怪病,症状,鳃丝软骨外露
鱼怪病,感染,鲤科
鱼怪病,流行时间,4~10月
鱼怪病,流行地区,湖泊
鱼怪病,流行地区,云南
鱼怪病,流行地区,山东
鱼怪病,流行地区,河北
鱼怪病,流行地区,江苏
鱼怪病,流行地区,浙江
鱼怪病,流行地区,上海
鱼怪病,流行地区,黑龙江
鱼怪病,流行地区,天津
鱼怪病,流行地区,四川
鱼怪病,流行地区,安徽
鱼怪病,流行地区,湖北
鱼怪病,流行地区,湖南
鱼怪病,感染,鲫鱼
鱼怪病,感染,雅罗鱼
鱼怪病,症状,极度不安
鱼怪病,症状,大量分泌黏液
鱼怪病,症状,皮肤受损而出血
鱼怪病,症状,鳃小片黏合
鱼怪病,症状,鳃丝软骨外露
鱼怪病,症状,胸鳍基部有2个孔
鱼怪病,症状,鱼怪寄生在寄生囊内
鱼怪病,症状,失去生殖能力
指环虫病,感染,鲤鱼
指环虫病,感染,鲫鱼
指环虫病,感染,金鱼
指环虫病,流行季节,春末夏初
指环虫病,适宜温度,20~25℃
指环虫病,感染,草鱼
指环虫病,症状,病鱼瘦弱
指环虫病,症状,游动无力
指环虫病,症状,浮于水面
指环虫病,症状,鳃黏液分泌异常增多
指环虫病,症状,鳃丝肿胀
指环虫病,症状,呼吸困难
指环虫病,症状,黏液分泌增多
指环虫病,症状,充血与出血斑
指环虫病,感染,青鱼
指环虫病,感染,鲢鱼
指环虫病,感染,鳙鱼
指环虫病,感染,团头鲂
指环虫病,症状,不安
指环虫病,症状,粘液多
指环虫病,症状,贫血
指环虫病,流行季节,秋季
指环虫病,症状,呈花鲸状
指环虫病,症状,鳃上有大量黏液
指环虫病,症状,鳃盖张开
指环虫病,症状,鱼体发黑
指环虫病,感染,淡水鱼
中华鳋病,流行时间,5月下旬~9月上旬
中华鳋病,症状,烦躁不安
中华鳋病,症状,鳃丝末端肿大
中华鳋病,症状,发白
中华鳋病,症状,鳃瓣边挂满白色虫体
中华鳋病,感染,草鱼
中华鳋病,感染,青鱼
中华鳋病,症状,呼吸困难
中华鳋病,症状,焦躁不安
中华鳋病,症状,在水表层或狂游
中华鳋病,症状,尾鳍上叶常露出水面
中华鳋病,症状,窒息而死
中华鳋病,症状,鳃上黏液分泌增多
中华鳋病,症状,鳃丝末端膨大成棒槌状
中华鳋病,症状,苍白而无血色
中华鳋病,感染,鮎鱼
中华鳋病,感染,赤眼鳟
中华鳋病,感染,淡水鲑
中华鳋病,症状,翘尾巴
中华鳋病,症状,鳃上粘液增多
中华鳋病,症状,鳃丝末端膨大成棒槌状
中华鳋病,症状,白色虫寄生
中华鳋病,流行地区,长江流域
柱状黄杆菌病,感染,鲤鱼
柱状黄杆菌病,感染,大黄鱼
柱状黄杆菌病,感染,鲷鱼
柱状黄杆菌病,症状,皮肤和尾鳍溃烂
柱状黄杆菌病,症状,行动缓慢
柱状黄杆菌病,症状,反应迟钝
柱状黄杆菌病,症状,常离群独游
柱状黄杆菌病,症状,体色发黑
柱状黄杆菌病,症状,鳃盖骨内表皮充血
柱状黄杆菌病,症状,鳃丝上常见白色或土黄色黏液
柱状黄杆菌病,症状,鳃丝腐烂
柱状黄杆菌病,症状,末端黏液很多
柱状黄杆菌病,症状,带有污泥和杂物碎屑
柱状黄杆菌病,适宜温度,15~30℃
锥体虫病,感染,脊椎动物
锥体虫病,感染,节肢动物
锥体虫病,感染,鳗鱼
锥体虫病,感染,鲈鱼
锥体虫病,感染,鳕鱼
锥体虫病,感染,鳙鱼
锥体虫病,感染,鳐鱼
锥体虫病,流行时间,6~8月
锥体虫病,症状,鱼体虚弱
锥体虫病,症状,消瘦
锥体虫病,症状,贫血
锥体虫病,感染,鲩鱼
锥体虫病,流行地区,南方
锥体虫病,流行季节,一年四季
斑点叉尾鲍病毒病,感染,斑点叉尾鲫
斑点叉尾鲍病毒病,适宜温度,25~30℃
斑点叉尾鲍病毒病,流行地区,美国
斑点叉尾鲍病毒病,症状,病鱼食欲下降
斑点叉尾鲍病毒病,症状,甚至不食
斑点叉尾鲍病毒病,症状,离群独游
斑点叉尾鲍病毒病,症状,反应迟钝
斑点叉尾鲍病毒病,症状,部分病鱼尾向下
斑点叉尾鲍病毒病,症状,头向上
斑点叉尾鲍病毒病,症状,悬浮于水中
斑点叉尾鲍病毒病,症状,出现间隙性的旋转游动
斑点叉尾鲍病毒病,症状,沉入水底
斑点叉尾鲍病毒病,症状,呼吸衰竭
斑点叉尾鲍病毒病,症状,腹部和尾柄基部充血
斑点叉尾鲍病毒病,症状,出血
斑点叉尾鲍病毒病,症状,腹部膨大
斑点叉尾鲍病毒病,症状,眼球单侧或双侧性外突
斑点叉尾鲍病毒病,症状,肛门红肿
斑点叉尾鲍病毒病,症状,腹腔内有大量淡黄色或淡红色腹水
斑点叉尾鲍病毒病,症状,胃肠道内空虚
斑点叉尾鲍病毒病,症状,没有食物
斑点叉尾鲍病毒病,症状,充满淡黄色的黏液或气体
斑点叉尾鲍病毒病,症状,脾和腹膜等内脏器官出血
鲤春病毒血症,适宜温度,20~22℃
鲤春病毒血症,流行地区,欧洲
鲤春病毒血症,流行地区,亚洲
鲤春病毒血症,流行季节,春季
鲤春病毒血症,症状,体色发黑
鲤春病毒血症,症状,呼吸缓慢
鲤春病毒血症,症状,失去平衡而侧游
鲤春病毒血症,症状,聚集于出水口
鲤春病毒血症,症状,眼球突出
鲤春病毒血症,症状,肛门红肿
鲤春病毒血症,症状,体表充血
鲤春病毒血症,症状,出血
鲤春病毒血症,症状,腹部膨大
鲤春病毒血症,症状,腹腔内有多量带血的腹水
鲤春病毒血症,症状,肝肾肿大
鲤春病毒血症,症状,可见鳃壁明显出血
鲤春病毒血症,症状,有腹水
鲤春病毒血症,症状,突眼
鲤春病毒血症,症状,内脏出血
鲤春病毒血症,症状,肌肉出血
鲤春病毒血症,症状,肝脾肾肿大
白云病,症状,点状白色黏液
白云病,症状,全身布满一片白云
白云病,症状,鳞片脱落
白云病,症状,鳍条基部肝肾充血
白云病,感染,网箱养鲤鱼
白云病,感染,青鱼
白云病,感染,鲤鱼
白云病,症状,体表有点白色粘液物
白云病,适宜温度,6~18℃
白云病,感染,鲤鱼
白云病,感染,江团鲟
白云病,流行时间,4~6月
白云病,症状,食欲减退
白云病,症状,头部分泌大量黏液
白云病,症状,体表形成白点白斑
白云病,症状,形成一层白色薄膜附着在体表
白云病,症状,白色薄膜逐渐蔓延扩大
白云病,症状,鳞片脱落
白云病,症状,鳞片竖起
白云病,症状,鳍充血
白云病,症状,出血
白云病,症状,眼球混浊发白
白云病,症状,鳞片基部充血
白云病,症状,肝脏肾脏充血
斑点叉尾鮰传染性套肠症,感染,斑点叉尾鮰
斑点叉尾鮰传染性套肠症,症状,下颌及腹部充血出血
斑点叉尾鮰传染性套肠症,症状,腹部膨大
斑点叉尾鮰传染性套肠症,症状,体表出现大小不等圆形褪色斑
斑点叉尾鮰传染性套肠症,症状,肛门红肌外突
斑点叉尾鮰传染性套肠症,症状,出现脱肛现象
斑点叉尾鮰传染性套肠症,症状,后肠段的一部分脱出到肛门外
斑点叉尾鮰传染性套肠症,症状,腹水
斑点叉尾鮰传染性套肠症,症状,肠道充血出血
斑点叉尾鮰传染性套肠症,症状,肠壁变薄
斑点叉尾鮰传染性套肠症,症状,肠道发生痉挛或异常蠕动
斑点叉尾鮰传染性套肠症,症状,后肠出现肠套叠
斑点叉尾鮰传染性套肠症,症状,肠道明显充血出血坏死
斑点叉尾鮰传染性套肠症,流行时间,3～5月
斑点叉尾鮰传染性套肠症,适宜温度,16℃以上
刺激隐核虫病,感染,海水鱼类
刺激隐核虫病,症状,鱼体瘦弱
刺激隐核虫病,症状,游动迟缓
刺激隐核虫病,症状,对外界刺激反应迟钝
刺激隐核虫病,症状,呼吸困难
刺激隐核虫病,症状,食欲减退
刺激隐核虫病,症状,离群
刺激隐核虫病,症状,于水面缓慢游动
刺激隐核虫病,症状,不摄食
刺激隐核虫病,症状,鳃可观察到白点
刺激隐核虫病,症状,鳃黏液增生形成白色混浊状薄膜
刺激隐核虫病,症状,体表出现点状出血或溃烂
刺激隐核虫病,症状,鳍条缺损
刺激隐核虫病,症状,头部和尾部溃烂
刺激隐核虫病,症状,眼角膜损伤
刺激隐核虫病,适宜温度,22～26℃
刺激隐核虫病,流行时间,5～11月
刺激隐核虫病,流行季节,夏季
刺激隐核虫病,流行季节,秋季
嗜子宫线虫病,流行季节,春季
嗜子宫线虫病,流行时间,6月
嗜子宫线虫病,症状,充血
嗜子宫线虫病,症状,发炎
嗜子宫线虫病,症状,溃烂
嗜子宫线虫,感染,鲤鱼
嗜子宫线虫,感染,鲫鱼
嗜子宫线虫,感染,乌醴
嗜子宫线虫病,症状,鳞下或鳍上有红色线虫寄生
嗜子宫线虫病,流行地区,长江流域
嗜子宫线虫病,流行季节,冬季
嗜子宫线虫病,流行季节,春季
嗜子宫线虫病,症状,鳞片明显隆起
嗜子宫线虫病,症状,鱼体像松球
嗜子宫线虫病,症状,鳞片基部长且肿
嗜子宫线虫病,症状,呈半透明小囊状
嗜子宫线虫病,症状,挤则出黏稠液体
嗜子宫线虫病,症状,肌肉充血
嗜子宫线虫病,症状,血红色虫体
嗜子宫线虫病,感染,鲤鱼
嗜子宫线虫病,流行地区,全国
六鞭毛虫病,感染,热带淡水观赏鱼
六鞭毛虫病,感染,七彩神仙鱼
六鞭毛虫病,感染,地图鱼
六鞭毛虫病,感染,皇冠鱼
六鞭毛虫病,症状,头部出现大小不一的孔洞
六鞭毛虫病,症状,肛门处常拖有一条不透明的黏液粪便
六鞭毛虫病,症状,游动缓慢
六鞭毛虫病,症状,不摄食
六鞭毛虫病,症状,摄食减少
六鞭毛虫病,症状,体色发黑
六鞭毛虫病,症状,眼球突起
六鞭毛虫病,症状,眼球充血或浑浊
六鞭毛虫病,流行地区,亚洲
六鞭毛虫病,流行地区,欧洲
六鞭毛虫病,流行地区,北美洲
六鞭毛虫病,流行地区,巴西
六鞭毛虫病,流行季节,春季
六鞭毛虫病,流行季节,冬季
